N,L,demand,method,obj_mean,obj_min,obj_max,runtime_mean,cpu_runtime_mean,mip_gap,obj_bound
2,8,constant,MIP,2915.6,2915.6,2915.6,0.0309998989105224,0.03125,0.0,2915.6
2,8,constant,RuleOfThumb,2922.4000000000005,2922.4000000000005,2922.4000000000005,0.0005440711975097,0.0,,
2,8,constant,MyopicGreedy,,,,0.0005741119384765,0.0,,
2,8,increasing,MIP,2554.12,2554.12,2554.12,0.121000051498413,0.296875,0.0,2554.12
2,8,increasing,RuleOfThumb,2935.12,2935.12,2935.12,0.0005714893341064,0.0,,
2,8,increasing,MyopicGreedy,,,,0.0005247592926025,0.0,,
2,8,random,MIP,,,,0.0050001144409179,0.015625,,inf
2,8,random,RuleOfThumb,,,,0.0,0.0,,
2,8,random,MyopicGreedy,,,,0.0005626678466796,0.0,,
3,10,constant,MIP,2586.2,2586.2,2586.2,0.0550000667572021,0.171875,3.866676977801758e-05,2586.1
3,10,constant,RuleOfThumb,5525.0,5525.0,5525.0,0.0005462169647216,0.0,,
3,10,constant,MyopicGreedy,3305.5,3305.5,3305.5,0.0016608238220214,0.015625,,
3,10,increasing,MIP,3512.899957933711,3512.899957933711,3512.899957933711,0.7060000896453857,4.03125,0.0,3512.899957933711
3,10,increasing,RuleOfThumb,5538.200000000001,5538.200000000001,5538.200000000001,0.0005583763122558,0.0,,
3,10,increasing,MyopicGreedy,3673.9,3673.9,3673.9,0.0016076564788818,0.0,,
3,10,random,MIP,3498.4669881091395,3498.4669881091395,3498.4669881091395,0.8110001087188721,4.46875,5.263735663367868e-06,3498.448573103687
3,10,random,RuleOfThumb,5530.887000000001,5530.887000000001,5530.887000000001,0.0,0.0,,
3,10,random,MyopicGreedy,,,,0.0026741027832031,0.0,,
4,14,constant,MIP,3661.199597285208,3661.199597285208,3661.199597285208,13.575999975204468,76.078125,3.605069656326836e-05,3661.067608489469
4,14,constant,RuleOfThumb,8965.2,8965.2,8965.2,0.0005300045013427,0.0,,
4,14,constant,MyopicGreedy,3991.2,3991.2,3991.2,0.0094594955444335,0.0,,
4,14,increasing,MIP,5972.900000000001,5972.900000000001,5972.900000000001,0.1979999542236328,0.859375,7.310810400316454e-05,5972.4633326056
4,14,increasing,RuleOfThumb,8949.7,8949.7,8949.7,0.000535249710083,0.0,,
4,14,increasing,MyopicGreedy,,,,0.0090863704681396,0.0,,
4,14,random,MIP,4749.662350743421,4749.662350743421,4749.662350743421,2.961999893188477,24.0625,0.0,4749.662350743421
4,14,random,RuleOfThumb,8981.438000000002,8981.438000000002,8981.438000000002,0.0010921955108642,0.0,,
4,14,random,MyopicGreedy,4976.938,4976.938,4976.938,0.0071916580200195,0.015625,,
5,18,constant,MIP,4737.700000000001,4737.700000000001,4737.700000000001,50.38100004196167,355.859375,9.862320709180144e-05,4737.232752831762
5,18,constant,RuleOfThumb,,,,0.0005905628204345,0.0,,
5,18,constant,MyopicGreedy,5177.8,5177.8,5177.8,0.0595309734344482,0.03125,,
5,18,increasing,MIP,8958.42,8958.42,8958.42,5.871999979019165,33.65625,9.96007793627e-05,8957.527734386142
5,18,increasing,RuleOfThumb,,,,0.0010981559753417,0.0,,
5,18,increasing,MyopicGreedy,,,,0.0547981262207031,0.046875,,
5,18,random,MIP,6468.876,6468.876,6468.876,6.898999929428101,58.859375,9.916433879419928e-05,6468.234518188719
5,18,random,RuleOfThumb,,,,0.001101016998291,0.0,,
5,18,random,MyopicGreedy,,,,0.0611357688903808,0.0625,,
6,21,constant,MIP,5413.5,5413.5,5413.5,28.091000080108643,181.609375,9.672504451551497e-05,5412.976378971515
6,21,constant,RuleOfThumb,,,,0.0005488395690917,0.0,,
6,21,constant,MyopicGreedy,5908.500000000001,5908.500000000001,5908.500000000001,0.3594725131988525,0.34375,,
6,21,increasing,MIP,11525.05,11525.05,11525.05,30.23600006103516,196.6875,9.811279831784328e-05,11523.919245093748
6,21,increasing,RuleOfThumb,,,,0.0005693435668945,0.0,,
6,21,increasing,MyopicGreedy,,,,0.3421113491058349,0.34375,,
6,21,random,MIP,7441.63672993299,7441.63672993299,7441.63672993299,60.02300000190735,406.625,0.0006297459426452,7436.950389395675
6,21,random,RuleOfThumb,,,,0.0011253356933593,0.0,,
6,21,random,MyopicGreedy,,,,0.4953253269195556,0.421875,,
8,26,constant,MIP,6730.599999999999,6730.599999999999,6730.599999999999,46.43600010871887,269.578125,9.894049484218268e-05,6729.934071105415
8,26,constant,RuleOfThumb,,,,0.0011494159698486,0.0,,
8,26,constant,MyopicGreedy,7390.500000000001,7390.500000000001,7390.500000000001,15.711052894592283,15.296875,,
8,26,increasing,MIP,16623.15,16623.15,16623.15,47.45100021362305,271.3125,9.540972154079712e-05,16621.56398988737
8,26,increasing,RuleOfThumb,,,,0.0006003379821777,0.0,,
8,26,increasing,MyopicGreedy,,,,13.60828971862793,13.234375,,
8,26,random,MIP,9542.406999031333,9542.406999031333,9542.406999031333,60.02500009536743,493.359375,0.0027121137317045,9516.526905975745
8,26,random,RuleOfThumb,,,,0.0011115074157714,0.0,,
8,26,random,MyopicGreedy,9922.493,9922.493,9922.493,17.70111608505249,16.90625,,
2,8,constant,GA,2919.566666666667,2919.0,2920.7000000000003,2.5523811181386313,2.0885416666666665,,
2,8,increasing,GA,2556.9533333333334,2555.82,2557.52,2.337549606959025,2.046875,,
2,8,random,GA,7000503.11,7000503.11,7000503.11,0.7413429419199625,0.6302083333333334,,
3,10,constant,GA,2786.7666666666664,2586.5,2888.8,3.065584103266398,2.8333333333333335,,
3,10,increasing,GA,3517.3333333333335,3515.3,3518.8,3.129551808039347,2.9114583333333335,,
3,10,random,GA,3528.0536666666667,3501.987,3577.687,3.5848872661590576,3.1927083333333335,,
4,14,constant,GA,3726.433333333333,3723.5,3731.4,4.772930304209392,4.614583333333333,,
4,14,increasing,GA,6150.3,6077.4000000000015,6193.5,4.906299988428752,4.791666666666667,,
4,14,random,GA,4883.804666666667,4765.738,4976.938,4.590091149012248,4.442708333333333,,
5,18,constant,GA,4953.533333333334,4909.200000000001,4984.6,7.496379693349202,7.213541666666667,,
5,18,increasing,GA,9244.786666666667,9216.22,9265.22,7.489519755045573,7.302083333333333,,
5,18,random,GA,6697.065666666668,6677.799000000002,6730.398999999999,7.321852684020996,7.026041666666667,,
6,21,constant,GA,5562.133333333334,5537.9000000000015,5601.400000000001,9.729492346445719,9.390625,,
6,21,increasing,GA,12208.483333333332,12091.05,12332.75,10.457221031188965,9.901041666666666,,
6,21,random,GA,7780.350999999999,7769.150999999998,7790.750999999999,10.270041704177856,9.65625,,
8,26,constant,GA,7051.633333333334,6932.1,7124.500000000001,29.824109315872192,28.609375,,
8,26,increasing,GA,18468.133333333335,18221.3,18615.2,26.18125581741333,25.401041666666668,,
8,26,random,GA,9911.759666666667,9890.293,9922.493,29.386098782221477,28.427083333333332,,
